concept_id,semantic_pack,domain,english_gloss,swahili_gloss,part_of_speech,category,phrase_type,tags,notes
"ANM_001_DOG","animals","animals","dog","mbwa","noun","noun",,"animal","Common domestic animal"
"ANM_002_CAT","animals","animals","cat","paka","noun","noun",,"animal","Common domestic animal"
"ANM_003_BIRD","animals","animals","bird","ndege","noun","noun",,"animal","General term"
"ANM_004_COW","animals","animals","cow","ng'ombe","noun","noun",,"animal","Livestock"
"ANM_005_GOAT","animals","animals","goat","mbuzi","noun","noun",,"animal","Livestock"
"ANM_006_SHEEP","animals","animals","sheep","kondoo","noun","noun",,"animal","Livestock"
"ANM_007_FISH","animals","animals","fish","samaki","noun","noun",,"animal","Aquatic"
"ANM_008_SNAKE","animals","animals","snake","nyoka","noun","noun",,"animal","Reptile"
"ANM_009_LION","animals","animals","lion","simba","noun","noun",,"animal","Wild animal"
"ANM_010_ELEPHANT","animals","animals","elephant","tembo","noun","noun",,"animal","Wild animal"
"FD_001_RICE","food","food","rice","wali/mchele","noun","noun",,"staple","Grain"
"FD_002_BREAD","food","food","bread","mkate","noun","noun",,"food_item","Staple"
"FD_003_WATER","food","food","water","maji","noun","noun",,"liquid","Essential"
"FD_004_MILK","food","food","milk","maziwa","noun","noun",,"liquid","Dairy"
"FD_005_MEAT","food","food","meat","nyama","noun","noun",,"protein","Food"
"FD_006_VEGETABLES","food","food","vegetables","mboga","noun","noun",,"food_item","Plant-based"
"FD_007_FRUIT","food","food","fruit","matunda","noun","noun",,"food_item","Plant-based"
"FD_008_HONEY","food","food","honey","asali","noun","noun",,"food_item","Natural sweetener"
"FD_009_SALT","food","food","salt","chumvi","noun","noun",,"seasoning","Mineral"
"FD_010_FIRE","food","food","fire","moto","noun","noun",,"cooking","Element"
"BD_001_HEAD","body_parts","body_parts","head","kichwa","noun","noun",,"anatomy","Major body part"
"BD_002_EYES","body_parts","body_parts","eyes","macho","noun","noun",,"anatomy","Sense organ"
"BD_003_EARS","body_parts","body_parts","ears","masikio","noun","noun",,"anatomy","Sense organ"
"BD_004_NOSE","body_parts","body_parts","nose","pua","noun","noun",,"anatomy","Sense organ"
"BD_005_MOUTH","body_parts","body_parts","mouth","kinywa","noun","noun",,"anatomy","Sensory/eating"
"BD_006_TEETH","body_parts","body_parts","teeth","meno","noun","noun",,"anatomy","Mouth part"
"BD_007_TONGUE","body_parts","body_parts","tongue","ulimi","noun","noun",,"anatomy","Mouth part"
"BD_008_THROAT","body_parts","body_parts","throat","koo","noun","noun",,"anatomy","Esophageal"
"BD_009_HANDS","body_parts","body_parts","hands","mikono","noun","noun",,"anatomy","Limb"
"BD_010_FEET","body_parts","body_parts","feet","miguu","noun","noun",,"anatomy","Limb"
"CL_001_SHIRT","clothing","clothing","shirt","shati","noun","noun",,"garment","Torso covering"
"CL_002_TROUSERS","clothing","clothing","trousers","suruali","noun","noun",,"garment","Lower body"
"CL_003_DRESS","clothing","clothing","dress","gauni","noun","noun",,"garment","Full body"
"CL_004_HAT","clothing","clothing","hat","kofia","noun","noun",,"accessory","Head covering"
"CL_005_SHOE","clothing","clothing","shoe","kiapu/viatu","noun","noun",,"footwear","Foot protection"
"CL_006_JACKET","clothing","clothing","jacket","jaketi","noun","noun",,"garment","Outer layer"
"CL_007_COAT","clothing","clothing","coat","koti","noun","noun",,"garment","Heavy outer"
"CL_008_SCARF","clothing","clothing","scarf","kanga/kitambaa","noun","noun",,"accessory","Neck/body wrap"
"CL_009_BELT","clothing","clothing","belt","upinde/mkanda","noun","noun",,"accessory","Waist"
"CL_010_SOCKS","clothing","clothing","socks","soksi","noun","noun",,"footwear","Foot covering"
"TL_001_KNIFE","tools","tools","knife","kisu","noun","noun",,"weapon/tool","Sharp tool"
"TL_002_AXE","tools","tools","axe","shoka","noun","noun",,"tool","Chopping"
"TL_003_HAMMER","tools","tools","hammer","nyundo","noun","noun",,"tool","Striking"
"TL_004_ROPE","tools","tools","rope","kamba","noun","noun",,"tool","Binding"
"TL_005_BUCKET","tools","tools","bucket","ndoo","noun","noun",,"container","Carrying water"
"TL_006_POT","tools","tools","pot","sufuria","noun","noun",,"container","Cooking"
"TL_007_PAN","tools","tools","pan","karai","noun","noun",,"container","Cooking"
"TL_008_SPOON","tools","tools","spoon","kijiko","noun","noun",,"utensil","Eating/cooking"
"TL_009_FORK","tools","tools","fork","uma","noun","noun",,"utensil","Eating"
"TL_010_CUP","tools","tools","cup","kikombe","noun","noun",,"container","Drinking"
"VB_001_EAT","verbs","verbs","eat","kula","verb","verb",,"action","Food consumption"
"VB_002_DRINK","verbs","verbs","drink","kunywa","verb","verb",,"action","Liquid consumption"
"VB_003_SLEEP","verbs","verbs","sleep","kulala","verb","verb",,"action","Rest"
"VB_004_WAKE","verbs","verbs","wake/wake up","kuamka","verb","verb",,"action","Start day"
"VB_005_WALK","verbs","verbs","walk","kutembea","verb","verb",,"action","Movement"
"VB_006_RUN","verbs","verbs","run","kukimbia","verb","verb",,"action","Movement"
"VB_007_JUMP","verbs","verbs","jump","kuruka","verb","verb",,"action","Movement"
"VB_008_SIT","verbs","verbs","sit","kuketi","verb","verb",,"action","Position"
"VB_009_STAND","verbs","verbs","stand","kusimama","verb","verb",,"action","Position"
"VB_010_WORK","verbs","verbs","work","kufanya kazi","verb","verb",,"action","Labor"
"DA_001_BIG","descriptives","descriptives","big","kubwa","adjective","adjective",,"size","Dimension"
"DA_002_SMALL","descriptives","descriptives","small","ndogo","adjective","adjective",,"size","Dimension"
"DA_003_GOOD","descriptives","descriptives","good","nzuri","adjective","adjective",,"quality","Evaluation"
"DA_004_BAD","descriptives","descriptives","bad","mbaya","adjective","adjective",,"quality","Evaluation"
"DA_005_HOT","descriptives","descriptives","hot","moto","adjective","adjective",,"temperature","Thermal"
"DA_006_COLD","descriptives","descriptives","cold","baridi","adjective","adjective",,"temperature","Thermal"
"DA_007_NEW","descriptives","descriptives","new","mpya","adjective","adjective",,"age","Temporal"
"DA_008_OLD","descriptives","descriptives","old","kale/mzee","adjective","adjective",,"age","Temporal"
"DA_009_FAST","descriptives","descriptives","fast","haraka","adjective","adjective",,"speed","Pace"
"DA_010_SLOW","descriptives","descriptives","slow","polepole","adjective","adjective",,"speed","Pace"
